country,common_name,scientific_name,som_index,som_index_clean
Albania,Caribbean Fruit Fly,Anastrepha suspensa,2.54e-10,0.0
Albania,Guava Fruit Fly,Bactrocera correcta,0.0011658,0.0011658
Albania,Melon Fruit Fly,Bactrocera cucurbitae,0.02164,0.02164
Albania,Mexican Fruit Fly,Anastrepha ludens,1.25e-13,0.0
Albania,Oriental Fruit Fly,Bactrocera dorsalis,0.0012162,0.0012162
Albania,Peach Fruit Fly,Bactrocera zonata,0.041599,0.041599
Albania,Queensland Fruit Fly,Bactrocera tryoni,2.78e-07,0.0
Albania,Sapote Fruit Fly,Anastrepha serpentina,1.57e-13,0.0
Albania,Zeugodacus Tau,Bactrocera tau,0.00016385,0.00016385
Algeria,Caribbean Fruit Fly,Anastrepha suspensa,2.54e-10,0.0
Algeria,Guava Fruit Fly,Bactrocera correcta,0.0011658,0.0011658
Algeria,Melon Fruit Fly,Bactrocera cucurbitae,0.02164,0.02164
Algeria,Mexican Fruit Fly,Anastrepha ludens,1.25e-13,0.0
Algeria,Oriental Fruit Fly,Bactrocera dorsalis,0.0012162,0.0012162
Algeria,Peach Fruit Fly,Bactrocera zonata,0.041599,0.041599
Algeria,Queensland Fruit Fly,Bactrocera tryoni,2.78e-07,0.0
Algeria,Sapote Fruit Fly,Anastrepha serpentina,1.57e-13,0.0
Algeria,Zeugodacus Tau,Bactrocera tau,0.00016385,0.00016385
Argentina,Caribbean Fruit Fly,Anastrepha suspensa,0.066071,0.066071
Argentina,Guava Fruit Fly,Bactrocera correcta,2.58e-07,0.0
Argentina,Melon Fruit Fly,Bactrocera cucurbitae,0.079966,0.079966
Argentina,Mexican Fruit Fly,Anastrepha ludens,0.2766,0.2766
Argentina,Oriental Fruit Fly,Bactrocera dorsalis,0.061858,0.061858
Argentina,Peach Fruit Fly,Bactrocera zonata,0.062265,0.062265
Argentina,Queensland Fruit Fly,Bactrocera tryoni,2.81e-06,0.0
Argentina,Sapote Fruit Fly,Anastrepha serpentina,0.68788,0.68788
Argentina,Zeugodacus Tau,Bactrocera tau,2.9e-06,0.0
Armenia,Caribbean Fruit Fly,Anastrepha suspensa,0.021528,0.021528
Armenia,Guava Fruit Fly,Bactrocera correcta,4.15e-12,0.0
Armenia,Mediterranean Fruit Fly,Ceratitis capitata,0.003227,0.003227
Armenia,Melon Fruit Fly,Bactrocera cucurbitae,0.060059,0.060059
Armenia,Mexican Fruit Fly,Anastrepha ludens,0.002669,0.002669
Armenia,Oriental Fruit Fly,Bactrocera dorsalis,2.24e-07,0.0
Armenia,Peach Fruit Fly,Bactrocera zonata,2.35e-07,0.0
Armenia,Queensland Fruit Fly,Bactrocera tryoni,0.060055,0.060055
Armenia,Sapote Fruit Fly,Anastrepha serpentina,0.002692,0.002692
Armenia,Zeugodacus Tau,Bactrocera tau,0.060055,0.060055
Australia,Caribbean Fruit Fly,Anastrepha suspensa,5.9e-12,0.0
Australia,Guava Fruit Fly,Bactrocera correcta,0.36728,0.36728
Australia,Mexican Fruit Fly,Anastrepha ludens,1.29e-11,0.0
Australia,Oriental Fruit Fly,Bactrocera dorsalis,0.58091,0.58091
Australia,Peach Fruit Fly,Bactrocera zonata,0.39612,0.39612
Australia,Sapote Fruit Fly,Anastrepha serpentina,9.21e-10,0.0
Australia,Zeugodacus Tau,Bactrocera tau,0.71783,0.71783
Austria,Caribbean Fruit Fly,Anastrepha suspensa,0.002122,0.002122
Austria,Guava Fruit Fly,Bactrocera correcta,1.79e-07,0.0
Austria,Mediterranean Fruit Fly,Ceratitis capitata,0.056451,0.056451
Austria,Melon Fruit Fly,Bactrocera cucurbitae,0.002398,0.002398
Austria,Mexican Fruit Fly,Anastrepha ludens,2e-05,0.0
Austria,Oriental Fruit Fly,Bactrocera dorsalis,1.8e-07,0.0
Austria,Peach Fruit Fly,Bactrocera zonata,6.24e-06,0.0
Austria,Queensland Fruit Fly,Bactrocera tryoni,0.002021,0.002021
Austria,Sapote Fruit Fly,Anastrepha serpentina,2.02e-05,0.0
Austria,Zeugodacus Tau,Bactrocera tau,0.002021,0.002021
Azerbaijan,Caribbean Fruit Fly,Anastrepha suspensa,0.021528,0.021528
Azerbaijan,Guava Fruit Fly,Bactrocera correcta,4.15e-12,0.0
Azerbaijan,Mediterranean Fruit Fly,Ceratitis capitata,0.003227,0.003227
Azerbaijan,Melon Fruit Fly,Bactrocera cucurbitae,0.060059,0.060059
Azerbaijan,Mexican Fruit Fly,Anastrepha ludens,0.002669,0.002669
Azerbaijan,Oriental Fruit Fly,Bactrocera dorsalis,2.24e-07,0.0
Azerbaijan,Peach Fruit Fly,Bactrocera zonata,2.35e-07,0.0
Azerbaijan,Queensland Fruit Fly,Bactrocera tryoni,0.060055,0.060055
Azerbaijan,Sapote Fruit Fly,Anastrepha serpentina,0.002692,0.002692
Azerbaijan,Zeugodacus Tau,Bactrocera tau,0.060055,0.060055
Bangladesh,Caribbean Fruit Fly,Anastrepha suspensa,2.01e-08,0.0
Bangladesh,Guava Fruit Fly,Bactrocera correcta,0.44741,0.44741
Bangladesh,Mediterranean Fruit Fly,Ceratitis capitata,0.23586,0.23586
Bangladesh,Mexican Fruit Fly,Anastrepha ludens,4.93e-09,0.0
Bangladesh,Queensland Fruit Fly,Bactrocera tryoni,0.023347,0.023347
Bangladesh,Sapote Fruit Fly,Anastrepha serpentina,9.43e-08,0.0
Barbados,Caribbean Fruit Fly,Anastrepha suspensa,0.16823,0.16823
Barbados,Guava Fruit Fly,Bactrocera correcta,5.86e-08,0.0
Barbados,Mediterranean Fruit Fly,Ceratitis capitata,0.18698,0.18698
Barbados,Melon Fruit Fly,Bactrocera cucurbitae,0.026359,0.026359
Barbados,Mexican Fruit Fly,Anastrepha ludens,0.093848,0.093848
Barbados,Oriental Fruit Fly,Bactrocera dorsalis,0.00015735,0.00015735
Barbados,Peach Fruit Fly,Bactrocera zonata,0.00019533,0.00019533
Barbados,Queensland Fruit Fly,Bactrocera tryoni,0.023344,0.023344
Barbados,Sapote Fruit Fly,Anastrepha serpentina,0.098799,0.098799
Barbados,Zeugodacus Tau,Bactrocera tau,0.023344,0.023344
Belgium,Caribbean Fruit Fly,Anastrepha suspensa,3.16e-05,0.0
Belgium,Guava Fruit Fly,Bactrocera correcta,2.79e-05,0.0
Belgium,Melon Fruit Fly,Bactrocera cucurbitae,0.001674,0.001674
Belgium,Mexican Fruit Fly,Anastrepha ludens,6.91e-08,0.0
Belgium,Oriental Fruit Fly,Bactrocera dorsalis,2.82e-05,0.0
Belgium,Peach Fruit Fly,Bactrocera zonata,0.00062,0.00062
Belgium,Queensland Fruit Fly,Bactrocera tryoni,6.97e-06,0.0
Belgium,Sapote Fruit Fly,Anastrepha serpentina,7.03e-08,0.0
Belgium,Zeugodacus Tau,Bactrocera tau,1.42e-05,0.0
Belize,Caribbean Fruit Fly,Anastrepha suspensa,0.093762,0.093762
Belize,Guava Fruit Fly,Bactrocera correcta,2.7e-09,0.0
Belize,Mediterranean Fruit Fly,Ceratitis capitata,0.66342,0.66342
Belize,Melon Fruit Fly,Bactrocera cucurbitae,0.015118,0.015118
Belize,Oriental Fruit Fly,Bactrocera dorsalis,0.01315,0.01315
Belize,Peach Fruit Fly,Bactrocera zonata,0.013159,0.013159
Belize,Queensland Fruit Fly,Bactrocera tryoni,0.001079,0.001079
Belize,Zeugodacus Tau,Bactrocera tau,0.001079,0.001079
Bosnia-Hercegovina,Caribbean Fruit Fly,Anastrepha suspensa,0.0028125,0.0028125
Bosnia-Hercegovina,Guava Fruit Fly,Bactrocera correcta,0.00043013,0.00043013
Bosnia-Hercegovina,Mediterranean Fruit Fly,Ceratitis capitata,0.22314,0.22314
Bosnia-Hercegovina,Melon Fruit Fly,Bactrocera cucurbitae,0.04965,0.04965
Bosnia-Hercegovina,Mexican Fruit Fly,Anastrepha ludens,0.00011927,0.00011927
Bosnia-Hercegovina,Oriental Fruit Fly,Bactrocera dorsalis,0.00043516,0.00043516
Bosnia-Hercegovina,Peach Fruit Fly,Bactrocera zonata,0.0037809,0.0037809
Bosnia-Hercegovina,Queensland Fruit Fly,Bactrocera tryoni,0.00013345,0.00013345
Bosnia-Hercegovina,Sapote Fruit Fly,Anastrepha serpentina,0.00012865,0.00012865
Bosnia-Hercegovina,Zeugodacus Tau,Bactrocera tau,0.00027209,0.00027209
Brazil,Caribbean Fruit Fly,Anastrepha suspensa,0.10162,0.10162
Brazil,Guava Fruit Fly,Bactrocera correcta,1.04e-09,0.0
Brazil,Melon Fruit Fly,Bactrocera cucurbitae,0.10149,0.10149
Brazil,Mexican Fruit Fly,Anastrepha ludens,0.3554,0.3554
Brazil,Oriental Fruit Fly,Bactrocera dorsalis,0.10036,0.10036
Brazil,Peach Fruit Fly,Bactrocera zonata,0.10037,0.10037
Brazil,Queensland Fruit Fly,Bactrocera tryoni,3.74e-07,0.0
Brazil,Zeugodacus Tau,Bactrocera tau,3.74e-07,0.0
Bulgaria,Caribbean Fruit Fly,Anastrepha suspensa,3.16e-05,0.0
Bulgaria,Guava Fruit Fly,Bactrocera correcta,2.79e-05,0.0
Bulgaria,Melon Fruit Fly,Bactrocera cucurbitae,0.001674,0.001674
Bulgaria,Mexican Fruit Fly,Anastrepha ludens,6.91e-08,0.0
Bulgaria,Oriental Fruit Fly,Bactrocera dorsalis,2.82e-05,0.0
Bulgaria,Peach Fruit Fly,Bactrocera zonata,0.00062,0.00062
Bulgaria,Queensland Fruit Fly,Bactrocera tryoni,6.97e-06,0.0
Bulgaria,Sapote Fruit Fly,Anastrepha serpentina,7.03e-08,0.0
Bulgaria,Zeugodacus Tau,Bactrocera tau,1.42e-05,0.0
Burkina Faso,Caribbean Fruit Fly,Anastrepha suspensa,0.001186,0.001186
Burkina Faso,Guava Fruit Fly,Bactrocera correcta,0.008614,0.008614
Burkina Faso,Mexican Fruit Fly,Anastrepha ludens,0.001,0.001
Burkina Faso,Oriental Fruit Fly,Bactrocera dorsalis,0.008951,0.008951
Burkina Faso,Peach Fruit Fly,Bactrocera zonata,0.085408,0.085408
Burkina Faso,Queensland Fruit Fly,Bactrocera tryoni,3.32e-05,0.0
Burkina Faso,Sapote Fruit Fly,Anastrepha serpentina,0.002278,0.002278
Burkina Faso,Zeugodacus Tau,Bactrocera tau,0.003227,0.003227
Burundi,Caribbean Fruit Fly,Anastrepha suspensa,0.01759,0.01759
Burundi,Guava Fruit Fly,Bactrocera correcta,0.000484,0.000484
Burundi,Melon Fruit Fly,Bactrocera cucurbitae,0.22618,0.22618
Burundi,Mexican Fruit Fly,Anastrepha ludens,0.013195,0.013195
Burundi,Oriental Fruit Fly,Bactrocera dorsalis,0.000649,0.000649
Burundi,Peach Fruit Fly,Bactrocera zonata,0.01811,0.01811
Burundi,Queensland Fruit Fly,Bactrocera tryoni,0.000159,0.000159
Burundi,Sapote Fruit Fly,Anastrepha serpentina,0.018178,0.018178
Burundi,Zeugodacus Tau,Bactrocera tau,0.000325,0.000325
Cambodia,Caribbean Fruit Fly,Anastrepha suspensa,0.021528,0.021528
Cambodia,Guava Fruit Fly,Bactrocera correcta,4.15e-12,0.0
Cambodia,Mediterranean Fruit Fly,Ceratitis capitata,0.003227,0.003227
Cambodia,Mexican Fruit Fly,Anastrepha ludens,0.002669,0.002669
Cambodia,Oriental Fruit Fly,Bactrocera dorsalis,2.24e-07,0.0
Cambodia,Peach Fruit Fly,Bactrocera zonata,2.35e-07,0.0
Cambodia,Queensland Fruit Fly,Bactrocera tryoni,0.060055,0.060055
Cambodia,Sapote Fruit Fly,Anastrepha serpentina,0.002692,0.002692
Cameroon,Caribbean Fruit Fly,Anastrepha suspensa,0.000263,0.000263
Cameroon,Guava Fruit Fly,Bactrocera correcta,0.004188,0.004188
Cameroon,Mexican Fruit Fly,Anastrepha ludens,0.000894,0.000894
Cameroon,Oriental Fruit Fly,Bactrocera dorsalis,0.004999,0.004999
Cameroon,Peach Fruit Fly,Bactrocera zonata,0.089039,0.089039
Cameroon,Queensland Fruit Fly,Bactrocera tryoni,0.000253,0.000253
Cameroon,Sapote Fruit Fly,Anastrepha serpentina,0.005135,0.005135
Cameroon,Zeugodacus Tau,Bactrocera tau,0.002954,0.002954
Canada,Caribbean Fruit Fly,Anastrepha suspensa,0.10219,0.10219
Canada,Guava Fruit Fly,Bactrocera correcta,1.17e-10,0.0
Canada,Mediterranean Fruit Fly,Ceratitis capitata,0.055065,0.055065
Canada,Melon Fruit Fly,Bactrocera cucurbitae,0.051171,0.051171
Canada,Mexican Fruit Fly,Anastrepha ludens,0.045674,0.045674
Canada,Oriental Fruit Fly,Bactrocera dorsalis,2.83e-05,0.0
Canada,Peach Fruit Fly,Bactrocera zonata,2.86e-05,0.0
Canada,Queensland Fruit Fly,Bactrocera tryoni,0.051079,0.051079
Canada,Sapote Fruit Fly,Anastrepha serpentina,0.046849,0.046849
Canada,Zeugodacus Tau,Bactrocera tau,0.051079,0.051079
Cape Verde,Caribbean Fruit Fly,Anastrepha suspensa,0.01759,0.01759
Cape Verde,Guava Fruit Fly,Bactrocera correcta,0.000484,0.000484
Cape Verde,Melon Fruit Fly,Bactrocera cucurbitae,0.22618,0.22618
Cape Verde,Mexican Fruit Fly,Anastrepha ludens,0.013195,0.013195
Cape Verde,Oriental Fruit Fly,Bactrocera dorsalis,0.000649,0.000649
Cape Verde,Peach Fruit Fly,Bactrocera zonata,0.01811,0.01811
Cape Verde,Queensland Fruit Fly,Bactrocera tryoni,0.000159,0.000159
Cape Verde,Sapote Fruit Fly,Anastrepha serpentina,0.018178,0.018178
Cape Verde,Zeugodacus Tau,Bactrocera tau,0.000325,0.000325
Chile,Caribbean Fruit Fly,Anastrepha suspensa,0.01759,0.01759
Chile,Guava Fruit Fly,Bactrocera correcta,0.000484,0.000484
Chile,Melon Fruit Fly,Bactrocera cucurbitae,0.22618,0.22618
Chile,Mexican Fruit Fly,Anastrepha ludens,0.013195,0.013195
Chile,Oriental Fruit Fly,Bactrocera dorsalis,0.000649,0.000649
Chile,Peach Fruit Fly,Bactrocera zonata,0.01811,0.01811
Chile,Queensland Fruit Fly,Bactrocera tryoni,0.000159,0.000159
Chile,Sapote Fruit Fly,Anastrepha serpentina,0.018178,0.018178
Chile,Zeugodacus Tau,Bactrocera tau,0.000325,0.000325
China,Caribbean Fruit Fly,Anastrepha suspensa,5.9e-12,0.0
China,Mediterranean Fruit Fly,Ceratitis capitata,0.20434,0.20434
China,Mexican Fruit Fly,Anastrepha ludens,1.29e-11,0.0
China,Peach Fruit Fly,Bactrocera zonata,0.39612,0.39612
China,Queensland Fruit Fly,Bactrocera tryoni,0.096532,0.096532
China,Sapote Fruit Fly,Anastrepha serpentina,9.21e-10,0.0
Colombia,Caribbean Fruit Fly,Anastrepha suspensa,0.069163,0.069163
Colombia,Guava Fruit Fly,Bactrocera correcta,2.49e-09,0.0
Colombia,Melon Fruit Fly,Bactrocera cucurbitae,0.055497,0.055497
Colombia,Mexican Fruit Fly,Anastrepha ludens,0.38034,0.38034
Colombia,Oriental Fruit Fly,Bactrocera dorsalis,0.054334,0.054334
Colombia,Peach Fruit Fly,Bactrocera zonata,0.054347,0.054347
Colombia,Queensland Fruit Fly,Bactrocera tryoni,3.01e-05,0.0
Colombia,Zeugodacus Tau,Bactrocera tau,3.01e-05,0.0
Congo,Caribbean Fruit Fly,Anastrepha suspensa,0.00516,0.00516
Congo,Guava Fruit Fly,Bactrocera correcta,0.000748,0.000748
Congo,Melon Fruit Fly,Bactrocera cucurbitae,0.35549,0.35549
Congo,Mexican Fruit Fly,Anastrepha ludens,0.015173,0.015173
Congo,Oriental Fruit Fly,Bactrocera dorsalis,0.001859,0.001859
Congo,Peach Fruit Fly,Bactrocera zonata,0.037155,0.037155
Congo,Queensland Fruit Fly,Bactrocera tryoni,1.01e-05,0.0
Congo,Sapote Fruit Fly,Anastrepha serpentina,0.035844,0.035844
Congo,Zeugodacus Tau,Bactrocera tau,0.000282,0.000282
Costa Rica,Caribbean Fruit Fly,Anastrepha suspensa,0.10162,0.10162
Costa Rica,Guava Fruit Fly,Bactrocera correcta,1.04e-09,0.0
Costa Rica,Melon Fruit Fly,Bactrocera cucurbitae,0.10149,0.10149
Costa Rica,Oriental Fruit Fly,Bactrocera dorsalis,0.10036,0.10036
Costa Rica,Peach Fruit Fly,Bactrocera zonata,0.10037,0.10037
Costa Rica,Queensland Fruit Fly,Bactrocera tryoni,3.74e-07,0.0
Costa Rica,Zeugodacus Tau,Bactrocera tau,3.74e-07,0.0
Croatia,Caribbean Fruit Fly,Anastrepha suspensa,1.4e-08,0.0
Croatia,Guava Fruit Fly,Bactrocera correcta,0.00019,0.00019
Croatia,Melon Fruit Fly,Bactrocera cucurbitae,0.004983,0.004983
Croatia,Mexican Fruit Fly,Anastrepha ludens,6.91e-12,0.0
Croatia,Oriental Fruit Fly,Bactrocera dorsalis,0.000194,0.000194
Croatia,Peach Fruit Fly,Bactrocera zonata,0.009318,0.009318
Croatia,Queensland Fruit Fly,Bactrocera tryoni,1.47e-08,0.0
Croatia,Sapote Fruit Fly,Anastrepha serpentina,7.33e-12,0.0
Croatia,Zeugodacus Tau,Bactrocera tau,2.96e-05,0.0
Cyprus,Caribbean Fruit Fly,Anastrepha suspensa,2.54e-10,0.0
Cyprus,Guava Fruit Fly,Bactrocera correcta,0.0011658,0.0011658
Cyprus,Melon Fruit Fly,Bactrocera cucurbitae,0.02164,0.02164
Cyprus,Mexican Fruit Fly,Anastrepha ludens,1.25e-13,0.0
Cyprus,Oriental Fruit Fly,Bactrocera dorsalis,0.0012162,0.0012162
Cyprus,Peach Fruit Fly,Bactrocera zonata,0.041599,0.041599
Cyprus,Queensland Fruit Fly,Bactrocera tryoni,2.78e-07,0.0
Cyprus,Sapote Fruit Fly,Anastrepha serpentina,1.57e-13,0.0
Cyprus,Zeugodacus Tau,Bactrocera tau,0.00016385,0.00016385
Czech Republic,Caribbean Fruit Fly,Anastrepha suspensa,0.002122,0.002122
Czech Republic,Guava Fruit Fly,Bactrocera correcta,1.79e-07,0.0
Czech Republic,Mediterranean Fruit Fly,Ceratitis capitata,0.056451,0.056451
Czech Republic,Melon Fruit Fly,Bactrocera cucurbitae,0.002398,0.002398
Czech Republic,Mexican Fruit Fly,Anastrepha ludens,2e-05,0.0
Czech Republic,Oriental Fruit Fly,Bactrocera dorsalis,1.8e-07,0.0
Czech Republic,Peach Fruit Fly,Bactrocera zonata,6.24e-06,0.0
Czech Republic,Queensland Fruit Fly,Bactrocera tryoni,0.002021,0.002021
Czech Republic,Sapote Fruit Fly,Anastrepha serpentina,2.02e-05,0.0
Czech Republic,Zeugodacus Tau,Bactrocera tau,0.002021,0.002021
Denmark,Caribbean Fruit Fly,Anastrepha suspensa,0.009485,0.009485
Denmark,Guava Fruit Fly,Bactrocera correcta,8.04e-11,0.0
Denmark,Mediterranean Fruit Fly,Ceratitis capitata,0.001339,0.001339
Denmark,Melon Fruit Fly,Bactrocera cucurbitae,0.034766,0.034766
Denmark,Mexican Fruit Fly,Anastrepha ludens,0.000345,0.000345
Denmark,Oriental Fruit Fly,Bactrocera dorsalis,1.07e-08,0.0
Denmark,Peach Fruit Fly,Bactrocera zonata,5.9e-08,0.0
Denmark,Queensland Fruit Fly,Bactrocera tryoni,0.034755,0.034755
Denmark,Sapote Fruit Fly,Anastrepha serpentina,0.000346,0.000346
Denmark,Zeugodacus Tau,Bactrocera tau,0.034755,0.034755
Dominican Republic,Guava Fruit Fly,Bactrocera correcta,1.15e-09,0.0
Dominican Republic,Mediterranean Fruit Fly,Ceratitis capitata,0.35611,0.35611
Dominican Republic,Melon Fruit Fly,Bactrocera cucurbitae,0.016971,0.016971
Dominican Republic,Mexican Fruit Fly,Anastrepha ludens,0.27768,0.27768
Dominican Republic,Oriental Fruit Fly,Bactrocera dorsalis,0.001254,0.001254
Dominican Republic,Peach Fruit Fly,Bactrocera zonata,0.001258,0.001258
Dominican Republic,Queensland Fruit Fly,Bactrocera tryoni,0.01528,0.01528
Dominican Republic,Sapote Fruit Fly,Anastrepha serpentina,0.30139,0.30139
Dominican Republic,Zeugodacus Tau,Bactrocera tau,0.01528,0.01528
EI Salvador,Caribbean Fruit Fly,Anastrepha suspensa,0.093762,0.093762
EI Salvador,Guava Fruit Fly,Bactrocera correcta,2.7e-09,0.0
EI Salvador,Melon Fruit Fly,Bactrocera cucurbitae,0.015118,0.015118
EI Salvador,Oriental Fruit Fly,Bactrocera dorsalis,0.01315,0.01315
EI Salvador,Peach Fruit Fly,Bactrocera zonata,0.013159,0.013159
EI Salvador,Queensland Fruit Fly,Bactrocera tryoni,0.001079,0.001079
EI Salvador,Zeugodacus Tau,Bactrocera tau,0.001079,0.001079
Ecuador,Caribbean Fruit Fly,Anastrepha suspensa,0.066071,0.066071
Ecuador,Guava Fruit Fly,Bactrocera correcta,2.58e-07,0.0
Ecuador,Melon Fruit Fly,Bactrocera cucurbitae,0.079966,0.079966
Ecuador,Mexican Fruit Fly,Anastrepha ludens,0.2766,0.2766
Ecuador,Oriental Fruit Fly,Bactrocera dorsalis,0.061858,0.061858
Ecuador,Peach Fruit Fly,Bactrocera zonata,0.062265,0.062265
Ecuador,Queensland Fruit Fly,Bactrocera tryoni,2.81e-06,0.0
Ecuador,Zeugodacus Tau,Bactrocera tau,2.9e-06,0.0
Egypt,Caribbean Fruit Fly,Anastrepha suspensa,1.03e-09,0.0
Egypt,Guava Fruit Fly,Bactrocera correcta,0.14597,0.14597
Egypt,Melon Fruit Fly,Bactrocera cucurbitae,0.43539,0.43539
Egypt,Mexican Fruit Fly,Anastrepha ludens,1.04e-11,0.0
Egypt,Oriental Fruit Fly,Bactrocera dorsalis,0.17739,0.17739
Egypt,Queensland Fruit Fly,Bactrocera tryoni,0.001239,0.001239
Egypt,Sapote Fruit Fly,Anastrepha serpentina,6.24e-11,0.0
Egypt,Zeugodacus Tau,Bactrocera tau,0.062486,0.062486
Equatorial Guinea,Caribbean Fruit Fly,Anastrepha suspensa,0.021528,0.021528
Equatorial Guinea,Guava Fruit Fly,Bactrocera correcta,4.15e-12,0.0
Equatorial Guinea,Mediterranean Fruit Fly,Ceratitis capitata,0.003227,0.003227
Equatorial Guinea,Melon Fruit Fly,Bactrocera cucurbitae,0.060059,0.060059
Equatorial Guinea,Mexican Fruit Fly,Anastrepha ludens,0.002669,0.002669
Equatorial Guinea,Oriental Fruit Fly,Bactrocera dorsalis,2.24e-07,0.0
Equatorial Guinea,Peach Fruit Fly,Bactrocera zonata,2.35e-07,0.0
Equatorial Guinea,Queensland Fruit Fly,Bactrocera tryoni,0.060055,0.060055
Equatorial Guinea,Sapote Fruit Fly,Anastrepha serpentina,0.002692,0.002692
Equatorial Guinea,Zeugodacus Tau,Bactrocera tau,0.060055,0.060055
Estonia,Caribbean Fruit Fly,Anastrepha suspensa,0.009485,0.009485
Estonia,Guava Fruit Fly,Bactrocera correcta,8.04e-11,0.0
Estonia,Mediterranean Fruit Fly,Ceratitis capitata,0.001339,0.001339
Estonia,Melon Fruit Fly,Bactrocera cucurbitae,0.034766,0.034766
Estonia,Mexican Fruit Fly,Anastrepha ludens,0.000345,0.000345
Estonia,Oriental Fruit Fly,Bactrocera dorsalis,1.07e-08,0.0
Estonia,Peach Fruit Fly,Bactrocera zonata,5.9e-08,0.0
Estonia,Queensland Fruit Fly,Bactrocera tryoni,0.034755,0.034755
Estonia,Sapote Fruit Fly,Anastrepha serpentina,0.000346,0.000346
Estonia,Zeugodacus Tau,Bactrocera tau,0.034755,0.034755
Ethiopia,Caribbean Fruit Fly,Anastrepha suspensa,7.93e-10,0.0
Ethiopia,Guava Fruit Fly,Bactrocera correcta,0.019441,0.019441
Ethiopia,Melon Fruit Fly,Bactrocera cucurbitae,0.12915,0.12915
Ethiopia,Mexican Fruit Fly,Anastrepha ludens,1.75e-12,0.0
Ethiopia,Oriental Fruit Fly,Bactrocera dorsalis,0.021373,0.021373
Ethiopia,Peach Fruit Fly,Bactrocera zonata,0.2293,0.2293
Ethiopia,Queensland Fruit Fly,Bactrocera tryoni,2.87e-05,0.0
Ethiopia,Sapote Fruit Fly,Anastrepha serpentina,3.76e-12,0.0
Ethiopia,Zeugodacus Tau,Bactrocera tau,0.0046628,0.0046628
Fiji,Caribbean Fruit Fly,Anastrepha suspensa,0.021528,0.021528
Fiji,Guava Fruit Fly,Bactrocera correcta,4.15e-12,0.0
Fiji,Mediterranean Fruit Fly,Ceratitis capitata,0.003227,0.003227
Fiji,Melon Fruit Fly,Bactrocera cucurbitae,0.060059,0.060059
Fiji,Mexican Fruit Fly,Anastrepha ludens,0.002669,0.002669
Fiji,Oriental Fruit Fly,Bactrocera dorsalis,2.24e-07,0.0
Fiji,Peach Fruit Fly,Bactrocera zonata,2.35e-07,0.0
Fiji,Queensland Fruit Fly,Bactrocera tryoni,0.060055,0.060055
Fiji,Sapote Fruit Fly,Anastrepha serpentina,0.002692,0.002692
Fiji,Zeugodacus Tau,Bactrocera tau,0.060055,0.060055
France,Caribbean Fruit Fly,Anastrepha suspensa,1.4e-08,0.0
France,Guava Fruit Fly,Bactrocera correcta,0.00019,0.00019
France,Melon Fruit Fly,Bactrocera cucurbitae,0.004983,0.004983
France,Mexican Fruit Fly,Anastrepha ludens,6.91e-12,0.0
France,Oriental Fruit Fly,Bactrocera dorsalis,0.000194,0.000194
France,Peach Fruit Fly,Bactrocera zonata,0.009318,0.009318
France,Queensland Fruit Fly,Bactrocera tryoni,1.47e-08,0.0
France,Sapote Fruit Fly,Anastrepha serpentina,7.33e-12,0.0
France,Zeugodacus Tau,Bactrocera tau,2.96e-05,0.0
Gambia,Caribbean Fruit Fly,Anastrepha suspensa,0.000203,0.000203
Gambia,Guava Fruit Fly,Bactrocera correcta,0.056477,0.056477
Gambia,Mediterranean Fruit Fly,Ceratitis capitata,0.63652,0.63652
Gambia,Mexican Fruit Fly,Anastrepha ludens,3.98e-05,0.0
Gambia,Oriental Fruit Fly,Bactrocera dorsalis,0.059518,0.059518
Gambia,Peach Fruit Fly,Bactrocera zonata,0.16968,0.16968
Gambia,Queensland Fruit Fly,Bactrocera tryoni,0.000193,0.000193
Gambia,Sapote Fruit Fly,Anastrepha serpentina,8.82e-05,0.0
Gambia,Zeugodacus Tau,Bactrocera tau,0.021347,0.021347
Georgia(Republic of),Caribbean Fruit Fly,Anastrepha suspensa,0.009485,0.009485
Georgia(Republic of),Guava Fruit Fly,Bactrocera correcta,8.04e-11,0.0
Georgia(Republic of),Mediterranean Fruit Fly,Ceratitis capitata,0.001339,0.001339
Georgia(Republic of),Melon Fruit Fly,Bactrocera cucurbitae,0.034766,0.034766
Georgia(Republic of),Mexican Fruit Fly,Anastrepha ludens,0.000345,0.000345
Georgia(Republic of),Oriental Fruit Fly,Bactrocera dorsalis,1.07e-08,0.0
Georgia(Republic of),Peach Fruit Fly,Bactrocera zonata,5.9e-08,0.0
Georgia(Republic of),Queensland Fruit Fly,Bactrocera tryoni,0.034755,0.034755
Georgia(Republic of),Sapote Fruit Fly,Anastrepha serpentina,0.000346,0.000346
Georgia(Republic of),Zeugodacus Tau,Bactrocera tau,0.034755,0.034755
Germany,Caribbean Fruit Fly,Anastrepha suspensa,0.002122,0.002122
Germany,Guava Fruit Fly,Bactrocera correcta,1.79e-07,0.0
Germany,Mediterranean Fruit Fly,Ceratitis capitata,0.056451,0.056451
Germany,Melon Fruit Fly,Bactrocera cucurbitae,0.002398,0.002398
Germany,Mexican Fruit Fly,Anastrepha ludens,2e-05,0.0
Germany,Oriental Fruit Fly,Bactrocera dorsalis,1.8e-07,0.0
Germany,Peach Fruit Fly,Bactrocera zonata,6.24e-06,0.0
Germany,Queensland Fruit Fly,Bactrocera tryoni,0.002021,0.002021
Germany,Sapote Fruit Fly,Anastrepha serpentina,2.02e-05,0.0
Germany,Zeugodacus Tau,Bactrocera tau,0.002021,0.002021
Ghana,Caribbean Fruit Fly,Anastrepha suspensa,0.000263,0.000263
Ghana,Guava Fruit Fly,Bactrocera correcta,0.004188,0.004188
Ghana,Melon Fruit Fly,Bactrocera cucurbitae,0.55161,0.55161
Ghana,Mexican Fruit Fly,Anastrepha ludens,0.000894,0.000894
Ghana,Oriental Fruit Fly,Bactrocera dorsalis,0.004999,0.004999
Ghana,Peach Fruit Fly,Bactrocera zonata,0.089039,0.089039
Ghana,Queensland Fruit Fly,Bactrocera tryoni,0.000253,0.000253
Ghana,Sapote Fruit Fly,Anastrepha serpentina,0.005135,0.005135
Ghana,Zeugodacus Tau,Bactrocera tau,0.002954,0.002954
Greece,Caribbean Fruit Fly,Anastrepha suspensa,2.27e-06,0.0
Greece,Guava Fruit Fly,Bactrocera correcta,0.000573,0.000573
Greece,Melon Fruit Fly,Bactrocera cucurbitae,0.008679,0.008679
Greece,Mexican Fruit Fly,Anastrepha ludens,4.99e-09,0.0
Greece,Oriental Fruit Fly,Bactrocera dorsalis,0.000585,0.000585
Greece,Peach Fruit Fly,Bactrocera zonata,0.010612,0.010612
Greece,Queensland Fruit Fly,Bactrocera tryoni,1.81e-07,0.0
Greece,Sapote Fruit Fly,Anastrepha serpentina,5.31e-09,0.0
Greece,Zeugodacus Tau,Bactrocera tau,0.000136,0.000136
Guinea,Caribbean Fruit Fly,Anastrepha suspensa,0.000282,0.000282
Guinea,Guava Fruit Fly,Bactrocera correcta,0.008163,0.008163
Guinea,Mexican Fruit Fly,Anastrepha ludens,0.000889,0.000889
Guinea,Oriental Fruit Fly,Bactrocera dorsalis,0.008836,0.008836
Guinea,Peach Fruit Fly,Bactrocera zonata,0.1112,0.1112
Guinea,Queensland Fruit Fly,Bactrocera tryoni,0.000127,0.000127
Guinea,Sapote Fruit Fly,Anastrepha serpentina,0.004159,0.004159
Guinea,Zeugodacus Tau,Bactrocera tau,0.003733,0.003733
Guinea-Bissau,Caribbean Fruit Fly,Anastrepha suspensa,0.021528,0.021528
Guinea-Bissau,Guava Fruit Fly,Bactrocera correcta,4.15e-12,0.0
Guinea-Bissau,Mediterranean Fruit Fly,Ceratitis capitata,0.003227,0.003227
Guinea-Bissau,Melon Fruit Fly,Bactrocera cucurbitae,0.060059,0.060059
Guinea-Bissau,Mexican Fruit Fly,Anastrepha ludens,0.002669,0.002669
Guinea-Bissau,Oriental Fruit Fly,Bactrocera dorsalis,2.24e-07,0.0
Guinea-Bissau,Peach Fruit Fly,Bactrocera zonata,2.35e-07,0.0
Guinea-Bissau,Queensland Fruit Fly,Bactrocera tryoni,0.060055,0.060055
Guinea-Bissau,Sapote Fruit Fly,Anastrepha serpentina,0.002692,0.002692
Guinea-Bissau,Zeugodacus Tau,Bactrocera tau,0.060055,0.060055
Honduras,Caribbean Fruit Fly,Anastrepha suspensa,0.093762,0.093762
Honduras,Guava Fruit Fly,Bactrocera correcta,2.7e-09,0.0
Honduras,Melon Fruit Fly,Bactrocera cucurbitae,0.015118,0.015118
Honduras,Oriental Fruit Fly,Bactrocera dorsalis,0.01315,0.01315
Honduras,Peach Fruit Fly,Bactrocera zonata,0.013159,0.013159
Honduras,Queensland Fruit Fly,Bactrocera tryoni,0.001079,0.001079
Honduras,Zeugodacus Tau,Bactrocera tau,0.001079,0.001079
Hungary,Caribbean Fruit Fly,Anastrepha suspensa,0.002122,0.002122
Hungary,Guava Fruit Fly,Bactrocera correcta,1.79e-07,0.0
Hungary,Mediterranean Fruit Fly,Ceratitis capitata,0.056451,0.056451
Hungary,Melon Fruit Fly,Bactrocera cucurbitae,0.002398,0.002398
Hungary,Mexican Fruit Fly,Anastrepha ludens,2e-05,0.0
Hungary,Oriental Fruit Fly,Bactrocera dorsalis,1.8e-07,0.0
Hungary,Peach Fruit Fly,Bactrocera zonata,6.24e-06,0.0
Hungary,Queensland Fruit Fly,Bactrocera tryoni,0.002021,0.002021
Hungary,Sapote Fruit Fly,Anastrepha serpentina,2.02e-05,0.0
Hungary,Zeugodacus Tau,Bactrocera tau,0.002021,0.002021
India,Caribbean Fruit Fly,Anastrepha suspensa,5.9e-12,0.0
India,Mexican Fruit Fly,Anastrepha ludens,1.29e-11,0.0
India,Queensland Fruit Fly,Bactrocera tryoni,0.096532,0.096532
India,Sapote Fruit Fly,Anastrepha serpentina,9.21e-10,0.0
Indonesia,Caribbean Fruit Fly,Anastrepha suspensa,5.9e-12,0.0
Indonesia,Guava Fruit Fly,Bactrocera correcta,0.36728,0.36728
Indonesia,Mediterranean Fruit Fly,Ceratitis capitata,0.20434,0.20434
Indonesia,Mexican Fruit Fly,Anastrepha ludens,1.29e-11,0.0
Indonesia,Peach Fruit Fly,Bactrocera zonata,0.39612,0.39612
Indonesia,Queensland Fruit Fly,Bactrocera tryoni,0.096532,0.096532
Indonesia,Sapote Fruit Fly,Anastrepha serpentina,9.21e-10,0.0
Iran,Caribbean Fruit Fly,Anastrepha suspensa,1.03e-09,0.0
Iran,Guava Fruit Fly,Bactrocera correcta,0.14597,0.14597
Iran,Mexican Fruit Fly,Anastrepha ludens,1.04e-11,0.0
Iran,Oriental Fruit Fly,Bactrocera dorsalis,0.17739,0.17739
Iran,Queensland Fruit Fly,Bactrocera tryoni,0.001239,0.001239
Iran,Sapote Fruit Fly,Anastrepha serpentina,6.24e-11,0.0
Iran,Zeugodacus Tau,Bactrocera tau,0.062486,0.062486
Iraq,Caribbean Fruit Fly,Anastrepha suspensa,0.0028125,0.0028125
Iraq,Guava Fruit Fly,Bactrocera correcta,0.00043013,0.00043013
Iraq,Mediterranean Fruit Fly,Ceratitis capitata,0.22314,0.22314
Iraq,Melon Fruit Fly,Bactrocera cucurbitae,0.04965,0.04965
Iraq,Mexican Fruit Fly,Anastrepha ludens,0.00011927,0.00011927
Iraq,Oriental Fruit Fly,Bactrocera dorsalis,0.00043516,0.00043516
Iraq,Peach Fruit Fly,Bactrocera zonata,0.0037809,0.0037809
Iraq,Queensland Fruit Fly,Bactrocera tryoni,0.00013345,0.00013345
Iraq,Sapote Fruit Fly,Anastrepha serpentina,0.00012865,0.00012865
Iraq,Zeugodacus Tau,Bactrocera tau,0.00027209,0.00027209
Israel,Caribbean Fruit Fly,Anastrepha suspensa,1.03e-09,0.0
Israel,Guava Fruit Fly,Bactrocera correcta,0.14597,0.14597
Israel,Melon Fruit Fly,Bactrocera cucurbitae,0.43539,0.43539
Israel,Mexican Fruit Fly,Anastrepha ludens,1.04e-11,0.0
Israel,Oriental Fruit Fly,Bactrocera dorsalis,0.17739,0.17739
Israel,Queensland Fruit Fly,Bactrocera tryoni,0.001239,0.001239
Israel,Sapote Fruit Fly,Anastrepha serpentina,6.24e-11,0.0
Israel,Zeugodacus Tau,Bactrocera tau,0.062486,0.062486
Italy,Caribbean Fruit Fly,Anastrepha suspensa,1.4e-08,0.0
Italy,Guava Fruit Fly,Bactrocera correcta,0.00019,0.00019
Italy,Melon Fruit Fly,Bactrocera cucurbitae,0.004983,0.004983
Italy,Mexican Fruit Fly,Anastrepha ludens,6.91e-12,0.0
Italy,Oriental Fruit Fly,Bactrocera dorsalis,0.000194,0.000194
Italy,Peach Fruit Fly,Bactrocera zonata,0.009318,0.009318
Italy,Queensland Fruit Fly,Bactrocera tryoni,1.47e-08,0.0
Italy,Sapote Fruit Fly,Anastrepha serpentina,7.33e-12,0.0
Italy,Zeugodacus Tau,Bactrocera tau,2.96e-05,0.0
Jamaica,Guava Fruit Fly,Bactrocera correcta,5.86e-08,0.0
Jamaica,Mediterranean Fruit Fly,Ceratitis capitata,0.18698,0.18698
Jamaica,Melon Fruit Fly,Bactrocera cucurbitae,0.026359,0.026359
Jamaica,Mexican Fruit Fly,Anastrepha ludens,0.093848,0.093848
Jamaica,Oriental Fruit Fly,Bactrocera dorsalis,0.000157,0.000157
Jamaica,Peach Fruit Fly,Bactrocera zonata,0.000195,0.000195
Jamaica,Queensland Fruit Fly,Bactrocera tryoni,0.023344,0.023344
Jamaica,Sapote Fruit Fly,Anastrepha serpentina,0.098799,0.098799
Jamaica,Zeugodacus Tau,Bactrocera tau,0.023344,0.023344
Janpan,Caribbean Fruit Fly,Anastrepha suspensa,2.01e-08,0.0
Janpan,Mediterranean Fruit Fly,Ceratitis capitata,0.23586,0.23586
Janpan,Mexican Fruit Fly,Anastrepha ludens,4.93e-09,0.0
Janpan,Oriental Fruit Fly,Bactrocera dorsalis,0.59769,0.59769
Janpan,Peach Fruit Fly,Bactrocera zonata,0.68189,0.68189
Janpan,Queensland Fruit Fly,Bactrocera tryoni,0.023347,0.023347
Janpan,Sapote Fruit Fly,Anastrepha serpentina,9.43e-08,0.0
Janpan,Zeugodacus Tau,Bactrocera tau,0.37165,0.37165
Jordan,Caribbean Fruit Fly,Anastrepha suspensa,7.93e-10,0.0
Jordan,Guava Fruit Fly,Bactrocera correcta,0.019441,0.019441
Jordan,Melon Fruit Fly,Bactrocera cucurbitae,0.12915,0.12915
Jordan,Mexican Fruit Fly,Anastrepha ludens,1.75e-12,0.0
Jordan,Oriental Fruit Fly,Bactrocera dorsalis,0.021373,0.021373
Jordan,Peach Fruit Fly,Bactrocera zonata,0.2293,0.2293
Jordan,Queensland Fruit Fly,Bactrocera tryoni,2.87e-05,0.0
Jordan,Sapote Fruit Fly,Anastrepha serpentina,3.76e-12,0.0
Jordan,Zeugodacus Tau,Bactrocera tau,0.004663,0.004663
Kazakhstan,Caribbean Fruit Fly,Anastrepha suspensa,0.002122,0.002122
Kazakhstan,Guava Fruit Fly,Bactrocera correcta,1.79e-07,0.0
Kazakhstan,Mediterranean Fruit Fly,Ceratitis capitata,0.056451,0.056451
Kazakhstan,Melon Fruit Fly,Bactrocera cucurbitae,0.002398,0.002398
Kazakhstan,Mexican Fruit Fly,Anastrepha ludens,2e-05,0.0
Kazakhstan,Oriental Fruit Fly,Bactrocera dorsalis,1.8e-07,0.0
Kazakhstan,Peach Fruit Fly,Bactrocera zonata,6.24e-06,0.0
Kazakhstan,Queensland Fruit Fly,Bactrocera tryoni,0.002021,0.002021
Kazakhstan,Sapote Fruit Fly,Anastrepha serpentina,2.02e-05,0.0
Kazakhstan,Zeugodacus Tau,Bactrocera tau,0.002021,0.002021
Kenya,Caribbean Fruit Fly,Anastrepha suspensa,0.000263,0.000263
Kenya,Guava Fruit Fly,Bactrocera correcta,0.004188,0.004188
Kenya,Mexican Fruit Fly,Anastrepha ludens,0.000894,0.000894
Kenya,Oriental Fruit Fly,Bactrocera dorsalis,0.004999,0.004999
Kenya,Peach Fruit Fly,Bactrocera zonata,0.089039,0.089039
Kenya,Queensland Fruit Fly,Bactrocera tryoni,0.000253,0.000253
Kenya,Sapote Fruit Fly,Anastrepha serpentina,0.005135,0.005135
Kenya,Zeugodacus Tau,Bactrocera tau,0.002954,0.002954
"Korea, Republic of",Caribbean Fruit Fly,Anastrepha suspensa,0.021528,0.021528
"Korea, Republic of",Guava Fruit Fly,Bactrocera correcta,4.15e-12,0.0
"Korea, Republic of",Mediterranean Fruit Fly,Ceratitis capitata,0.003227,0.003227
"Korea, Republic of",Melon Fruit Fly,Bactrocera cucurbitae,0.060059,0.060059
"Korea, Republic of",Mexican Fruit Fly,Anastrepha ludens,0.002669,0.002669
"Korea, Republic of",Oriental Fruit Fly,Bactrocera dorsalis,2.24e-07,0.0
"Korea, Republic of",Peach Fruit Fly,Bactrocera zonata,2.35e-07,0.0
"Korea, Republic of",Queensland Fruit Fly,Bactrocera tryoni,0.060055,0.060055
"Korea, Republic of",Sapote Fruit Fly,Anastrepha serpentina,0.002692,0.002692
"Korea, Republic of",Zeugodacus Tau,Bactrocera tau,0.060055,0.060055
Kyrgyzstan,Caribbean Fruit Fly,Anastrepha suspensa,0.009485,0.009485
Kyrgyzstan,Guava Fruit Fly,Bactrocera correcta,8.04e-11,0.0
Kyrgyzstan,Mediterranean Fruit Fly,Ceratitis capitata,0.001339,0.001339
Kyrgyzstan,Melon Fruit Fly,Bactrocera cucurbitae,0.034766,0.034766
Kyrgyzstan,Mexican Fruit Fly,Anastrepha ludens,0.000345,0.000345
Kyrgyzstan,Oriental Fruit Fly,Bactrocera dorsalis,1.07e-08,0.0
Kyrgyzstan,Peach Fruit Fly,Bactrocera zonata,5.9e-08,0.0
Kyrgyzstan,Queensland Fruit Fly,Bactrocera tryoni,0.034755,0.034755
Kyrgyzstan,Sapote Fruit Fly,Anastrepha serpentina,0.000346,0.000346
Kyrgyzstan,Zeugodacus Tau,Bactrocera tau,0.034755,0.034755
Laos,Caribbean Fruit Fly,Anastrepha suspensa,4.61e-11,0.0
Laos,Guava Fruit Fly,Bactrocera correcta,0.40119,0.40119
Laos,Mediterranean Fruit Fly,Ceratitis capitata,0.17951,0.17951
Laos,Mexican Fruit Fly,Anastrepha ludens,1.51e-11,0.0
Laos,Queensland Fruit Fly,Bactrocera tryoni,0.057312,0.057312
Laos,Sapote Fruit Fly,Anastrepha serpentina,9e-10,0.0
Latvia,Caribbean Fruit Fly,Anastrepha suspensa,0.009485,0.009485
Latvia,Guava Fruit Fly,Bactrocera correcta,8.04e-11,0.0
Latvia,Mediterranean Fruit Fly,Ceratitis capitata,0.001339,0.001339
Latvia,Melon Fruit Fly,Bactrocera cucurbitae,0.034766,0.034766
Latvia,Mexican Fruit Fly,Anastrepha ludens,0.000345,0.000345
Latvia,Oriental Fruit Fly,Bactrocera dorsalis,1.07e-08,0.0
Latvia,Peach Fruit Fly,Bactrocera zonata,5.9e-08,0.0
Latvia,Queensland Fruit Fly,Bactrocera tryoni,0.034755,0.034755
Latvia,Sapote Fruit Fly,Anastrepha serpentina,0.000346,0.000346
Latvia,Zeugodacus Tau,Bactrocera tau,0.034755,0.034755
Lebanon,Caribbean Fruit Fly,Anastrepha suspensa,2.54e-10,0.0
Lebanon,Guava Fruit Fly,Bactrocera correcta,0.0011658,0.0011658
Lebanon,Melon Fruit Fly,Bactrocera cucurbitae,0.02164,0.02164
Lebanon,Mexican Fruit Fly,Anastrepha ludens,1.25e-13,0.0
Lebanon,Oriental Fruit Fly,Bactrocera dorsalis,0.0012162,0.0012162
Lebanon,Peach Fruit Fly,Bactrocera zonata,0.041599,0.041599
Lebanon,Queensland Fruit Fly,Bactrocera tryoni,2.78e-07,0.0
Lebanon,Sapote Fruit Fly,Anastrepha serpentina,1.57e-13,0.0
Lebanon,Zeugodacus Tau,Bactrocera tau,0.00016385,0.00016385
Lithuania,Caribbean Fruit Fly,Anastrepha suspensa,0.009485,0.009485
Lithuania,Guava Fruit Fly,Bactrocera correcta,8.04e-11,0.0
Lithuania,Mediterranean Fruit Fly,Ceratitis capitata,0.001339,0.001339
Lithuania,Melon Fruit Fly,Bactrocera cucurbitae,0.034766,0.034766
Lithuania,Mexican Fruit Fly,Anastrepha ludens,0.000345,0.000345
Lithuania,Oriental Fruit Fly,Bactrocera dorsalis,1.07e-08,0.0
Lithuania,Peach Fruit Fly,Bactrocera zonata,5.9e-08,0.0
Lithuania,Queensland Fruit Fly,Bactrocera tryoni,0.034755,0.034755
Lithuania,Sapote Fruit Fly,Anastrepha serpentina,0.000346,0.000346
Lithuania,Zeugodacus Tau,Bactrocera tau,0.034755,0.034755
Madagascar,Caribbean Fruit Fly,Anastrepha suspensa,0.001186,0.001186
Madagascar,Guava Fruit Fly,Bactrocera correcta,0.008614,0.008614
Madagascar,Melon Fruit Fly,Bactrocera cucurbitae,0.475,0.475
Madagascar,Mexican Fruit Fly,Anastrepha ludens,0.001,0.001
Madagascar,Oriental Fruit Fly,Bactrocera dorsalis,0.008951,0.008951
Madagascar,Peach Fruit Fly,Bactrocera zonata,0.085408,0.085408
Madagascar,Queensland Fruit Fly,Bactrocera tryoni,3.32e-05,0.0
Madagascar,Sapote Fruit Fly,Anastrepha serpentina,0.002278,0.002278
Madagascar,Zeugodacus Tau,Bactrocera tau,0.003227,0.003227
Malawi,Caribbean Fruit Fly,Anastrepha suspensa,0.000263,0.000263
Malawi,Guava Fruit Fly,Bactrocera correcta,0.004188,0.004188
Malawi,Melon Fruit Fly,Bactrocera cucurbitae,0.55161,0.55161
Malawi,Mexican Fruit Fly,Anastrepha ludens,0.000894,0.000894
Malawi,Oriental Fruit Fly,Bactrocera dorsalis,0.004999,0.004999
Malawi,Peach Fruit Fly,Bactrocera zonata,0.089039,0.089039
Malawi,Queensland Fruit Fly,Bactrocera tryoni,0.000253,0.000253
Malawi,Sapote Fruit Fly,Anastrepha serpentina,0.005135,0.005135
Malawi,Zeugodacus Tau,Bactrocera tau,0.002954,0.002954
Malaysia,Caribbean Fruit Fly,Anastrepha suspensa,5.9e-12,0.0
Malaysia,Guava Fruit Fly,Bactrocera correcta,0.36728,0.36728
Malaysia,Mediterranean Fruit Fly,Ceratitis capitata,0.20434,0.20434
Malaysia,Mexican Fruit Fly,Anastrepha ludens,1.29e-11,0.0
Malaysia,Oriental Fruit Fly,Bactrocera dorsalis,0.58091,0.58091
Malaysia,Peach Fruit Fly,Bactrocera zonata,0.39612,0.39612
Malaysia,Queensland Fruit Fly,Bactrocera tryoni,0.096532,0.096532
Malaysia,Sapote Fruit Fly,Anastrepha serpentina,9.21e-10,0.0
Mali,Caribbean Fruit Fly,Anastrepha suspensa,0.001186,0.001186
Mali,Guava Fruit Fly,Bactrocera correcta,0.008614,0.008614
Mali,Mexican Fruit Fly,Anastrepha ludens,0.001,0.001
Mali,Oriental Fruit Fly,Bactrocera dorsalis,0.008951,0.008951
Mali,Peach Fruit Fly,Bactrocera zonata,0.085408,0.085408
Mali,Queensland Fruit Fly,Bactrocera tryoni,3.32e-05,0.0
Mali,Sapote Fruit Fly,Anastrepha serpentina,0.002278,0.002278
Mali,Zeugodacus Tau,Bactrocera tau,0.003227,0.003227
Malta,Caribbean Fruit Fly,Anastrepha suspensa,2.54e-10,0.0
Malta,Guava Fruit Fly,Bactrocera correcta,0.001166,0.001166
Malta,Melon Fruit Fly,Bactrocera cucurbitae,0.02164,0.02164
Malta,Mexican Fruit Fly,Anastrepha ludens,1.25e-13,0.0
Malta,Oriental Fruit Fly,Bactrocera dorsalis,0.001216,0.001216
Malta,Peach Fruit Fly,Bactrocera zonata,0.041599,0.041599
Malta,Queensland Fruit Fly,Bactrocera tryoni,2.78e-07,0.0
Malta,Sapote Fruit Fly,Anastrepha serpentina,1.57e-13,0.0
Malta,Zeugodacus Tau,Bactrocera tau,0.000164,0.000164
Mauritius,Caribbean Fruit Fly,Anastrepha suspensa,1.15e-05,0.0
Mauritius,Guava Fruit Fly,Bactrocera correcta,0.05515,0.05515
Mauritius,Mexican Fruit Fly,Anastrepha ludens,3.64e-05,0.0
Mauritius,Oriental Fruit Fly,Bactrocera dorsalis,0.064999,0.064999
Mauritius,Queensland Fruit Fly,Bactrocera tryoni,0.00328,0.00328
Mauritius,Sapote Fruit Fly,Anastrepha serpentina,0.000346,0.000346
Mauritius,Zeugodacus Tau,Bactrocera tau,0.040943,0.040943
Mexico,Caribbean Fruit Fly,Anastrepha suspensa,0.10162,0.10162
Mexico,Guava Fruit Fly,Bactrocera correcta,1.04e-09,0.0
Mexico,Mediterranean Fruit Fly,Ceratitis capitata,0.86799,0.86799
Mexico,Melon Fruit Fly,Bactrocera cucurbitae,0.10149,0.10149
Mexico,Oriental Fruit Fly,Bactrocera dorsalis,0.10036,0.10036
Mexico,Peach Fruit Fly,Bactrocera zonata,0.10037,0.10037
Mexico,Queensland Fruit Fly,Bactrocera tryoni,3.74e-07,0.0
Mexico,Zeugodacus Tau,Bactrocera tau,3.74e-07,0.0
Moldova,Caribbean Fruit Fly,Anastrepha suspensa,0.002122,0.002122
Moldova,Guava Fruit Fly,Bactrocera correcta,1.79e-07,0.0
Moldova,Mediterranean Fruit Fly,Ceratitis capitata,0.056451,0.056451
Moldova,Melon Fruit Fly,Bactrocera cucurbitae,0.002398,0.002398
Moldova,Mexican Fruit Fly,Anastrepha ludens,2e-05,0.0
Moldova,Oriental Fruit Fly,Bactrocera dorsalis,1.8e-07,0.0
Moldova,Peach Fruit Fly,Bactrocera zonata,6.24e-06,0.0
Moldova,Queensland Fruit Fly,Bactrocera tryoni,0.002021,0.002021
Moldova,Sapote Fruit Fly,Anastrepha serpentina,2.02e-05,0.0
Moldova,Zeugodacus Tau,Bactrocera tau,0.002021,0.002021
Mongolia,Caribbean Fruit Fly,Anastrepha suspensa,0.0028125,0.0028125
Mongolia,Guava Fruit Fly,Bactrocera correcta,0.00043013,0.00043013
Mongolia,Mediterranean Fruit Fly,Ceratitis capitata,0.22314,0.22314
Mongolia,Melon Fruit Fly,Bactrocera cucurbitae,0.04965,0.04965
Mongolia,Mexican Fruit Fly,Anastrepha ludens,0.00011927,0.00011927
Mongolia,Oriental Fruit Fly,Bactrocera dorsalis,0.00043516,0.00043516
Mongolia,Peach Fruit Fly,Bactrocera zonata,0.0037809,0.0037809
Mongolia,Queensland Fruit Fly,Bactrocera tryoni,0.00013345,0.00013345
Mongolia,Sapote Fruit Fly,Anastrepha serpentina,0.00012865,0.00012865
Mongolia,Zeugodacus Tau,Bactrocera tau,0.00027209,0.00027209
Morocco,Caribbean Fruit Fly,Anastrepha suspensa,2.54e-10,0.0
Morocco,Guava Fruit Fly,Bactrocera correcta,0.0011658,0.0011658
Morocco,Melon Fruit Fly,Bactrocera cucurbitae,0.02164,0.02164
Morocco,Mexican Fruit Fly,Anastrepha ludens,1.25e-13,0.0
Morocco,Oriental Fruit Fly,Bactrocera dorsalis,0.0012162,0.0012162
Morocco,Peach Fruit Fly,Bactrocera zonata,0.041599,0.041599
Morocco,Queensland Fruit Fly,Bactrocera tryoni,2.78e-07,0.0
Morocco,Sapote Fruit Fly,Anastrepha serpentina,1.57e-13,0.0
Morocco,Zeugodacus Tau,Bactrocera tau,0.00016385,0.00016385
Mozambique,Caribbean Fruit Fly,Anastrepha suspensa,0.003718,0.003718
Mozambique,Guava Fruit Fly,Bactrocera correcta,0.000518,0.000518
Mozambique,Mediterranean Fruit Fly,Ceratitis capitata,0.87993,0.87993
Mozambique,Melon Fruit Fly,Bactrocera cucurbitae,0.42476,0.42476
Mozambique,Mexican Fruit Fly,Anastrepha ludens,0.014689,0.014689
Mozambique,Oriental Fruit Fly,Bactrocera dorsalis,0.003828,0.003828
Mozambique,Peach Fruit Fly,Bactrocera zonata,0.042809,0.042809
Mozambique,Queensland Fruit Fly,Bactrocera tryoni,8.29e-06,0.0
Mozambique,Sapote Fruit Fly,Anastrepha serpentina,0.055387,0.055387
Mozambique,Zeugodacus Tau,Bactrocera tau,0.000229,0.000229
Nepal,Caribbean Fruit Fly,Anastrepha suspensa,2.01e-08,0.0
Nepal,Mediterranean Fruit Fly,Ceratitis capitata,0.23586,0.23586
Nepal,Mexican Fruit Fly,Anastrepha ludens,4.93e-09,0.0
Nepal,Queensland Fruit Fly,Bactrocera tryoni,0.023347,0.023347
Nepal,Sapote Fruit Fly,Anastrepha serpentina,9.43e-08,0.0
Nepal,Zeugodacus Tau,Bactrocera tau,0.37165,0.37165
Netherlands,Caribbean Fruit Fly,Anastrepha suspensa,0.015942,0.015942
Netherlands,Guava Fruit Fly,Bactrocera correcta,3.6e-08,0.0
Netherlands,Mediterranean Fruit Fly,Ceratitis capitata,0.014058,0.014058
Netherlands,Melon Fruit Fly,Bactrocera cucurbitae,0.014463,0.014463
Netherlands,Mexican Fruit Fly,Anastrepha ludens,0.000624,0.000624
Netherlands,Oriental Fruit Fly,Bactrocera dorsalis,8.84e-08,0.0
Netherlands,Peach Fruit Fly,Bactrocera zonata,4.93e-06,0.0
Netherlands,Queensland Fruit Fly,Bactrocera tryoni,0.014042,0.014042
Netherlands,Sapote Fruit Fly,Anastrepha serpentina,0.000631,0.000631
Netherlands,Zeugodacus Tau,Bactrocera tau,0.014042,0.014042
New Zealand,Caribbean Fruit Fly,Anastrepha suspensa,0.021528,0.021528
New Zealand,Guava Fruit Fly,Bactrocera correcta,4.15e-12,0.0
New Zealand,Mediterranean Fruit Fly,Ceratitis capitata,0.003227,0.003227
New Zealand,Melon Fruit Fly,Bactrocera cucurbitae,0.060059,0.060059
New Zealand,Mexican Fruit Fly,Anastrepha ludens,0.002669,0.002669
New Zealand,Oriental Fruit Fly,Bactrocera dorsalis,2.24e-07,0.0
New Zealand,Peach Fruit Fly,Bactrocera zonata,2.35e-07,0.0
New Zealand,Queensland Fruit Fly,Bactrocera tryoni,0.060055,0.060055
New Zealand,Sapote Fruit Fly,Anastrepha serpentina,0.002692,0.002692
New Zealand,Zeugodacus Tau,Bactrocera tau,0.060055,0.060055
Nicaragua,Caribbean Fruit Fly,Anastrepha suspensa,0.093762,0.093762
Nicaragua,Guava Fruit Fly,Bactrocera correcta,2.7e-09,0.0
Nicaragua,Melon Fruit Fly,Bactrocera cucurbitae,0.015118,0.015118
Nicaragua,Oriental Fruit Fly,Bactrocera dorsalis,0.01315,0.01315
Nicaragua,Peach Fruit Fly,Bactrocera zonata,0.013159,0.013159
Nicaragua,Queensland Fruit Fly,Bactrocera tryoni,0.001079,0.001079
Nicaragua,Sapote Fruit Fly,Anastrepha serpentina,0.56131,0.56131
Nicaragua,Zeugodacus Tau,Bactrocera tau,0.001079,0.001079
Niger,Caribbean Fruit Fly,Anastrepha suspensa,4.04e-05,0.0
Niger,Guava Fruit Fly,Bactrocera correcta,0.075788,0.075788
Niger,Mexican Fruit Fly,Anastrepha ludens,3.95e-05,0.0
Niger,Oriental Fruit Fly,Bactrocera dorsalis,0.083184,0.083184
Niger,Peach Fruit Fly,Bactrocera zonata,0.25161,0.25161
Niger,Queensland Fruit Fly,Bactrocera tryoni,0.001149,0.001149
Niger,Sapote Fruit Fly,Anastrepha serpentina,0.000214,0.000214
Niger,Zeugodacus Tau,Bactrocera tau,0.036211,0.036211
Nigeria,Caribbean Fruit Fly,Anastrepha suspensa,0.000263,0.000263
Nigeria,Guava Fruit Fly,Bactrocera correcta,0.004188,0.004188
Nigeria,Mexican Fruit Fly,Anastrepha ludens,0.000894,0.000894
Nigeria,Oriental Fruit Fly,Bactrocera dorsalis,0.004999,0.004999
Nigeria,Peach Fruit Fly,Bactrocera zonata,0.089039,0.089039
Nigeria,Queensland Fruit Fly,Bactrocera tryoni,0.000253,0.000253
Nigeria,Sapote Fruit Fly,Anastrepha serpentina,0.005135,0.005135
Nigeria,Zeugodacus Tau,Bactrocera tau,0.002954,0.002954
Norway,Caribbean Fruit Fly,Anastrepha suspensa,0.002122,0.002122
Norway,Guava Fruit Fly,Bactrocera correcta,1.79e-07,0.0
Norway,Mediterranean Fruit Fly,Ceratitis capitata,0.056451,0.056451
Norway,Melon Fruit Fly,Bactrocera cucurbitae,0.002398,0.002398
Norway,Mexican Fruit Fly,Anastrepha ludens,2e-05,0.0
Norway,Oriental Fruit Fly,Bactrocera dorsalis,1.8e-07,0.0
Norway,Peach Fruit Fly,Bactrocera zonata,6.24e-06,0.0
Norway,Queensland Fruit Fly,Bactrocera tryoni,0.002021,0.002021
Norway,Sapote Fruit Fly,Anastrepha serpentina,2.02e-05,0.0
Norway,Zeugodacus Tau,Bactrocera tau,0.002021,0.002021
Pakistan,Caribbean Fruit Fly,Anastrepha suspensa,3.91e-10,0.0
Pakistan,Mediterranean Fruit Fly,Ceratitis capitata,0.37447,0.37447
Pakistan,Mexican Fruit Fly,Anastrepha ludens,1.9e-11,0.0
Pakistan,Queensland Fruit Fly,Bactrocera tryoni,0.015439,0.015439
Pakistan,Sapote Fruit Fly,Anastrepha serpentina,4.12e-10,0.0
Pakistan,Zeugodacus Tau,Bactrocera tau,0.30022,0.30022
Panama,Caribbean Fruit Fly,Anastrepha suspensa,0.10162,0.10162
Panama,Guava Fruit Fly,Bactrocera correcta,1.04e-09,0.0
Panama,Melon Fruit Fly,Bactrocera cucurbitae,0.10149,0.10149
Panama,Oriental Fruit Fly,Bactrocera dorsalis,0.10036,0.10036
Panama,Peach Fruit Fly,Bactrocera zonata,0.10037,0.10037
Panama,Queensland Fruit Fly,Bactrocera tryoni,3.74e-07,0.0
Panama,Zeugodacus Tau,Bactrocera tau,3.74e-07,0.0
Paraguay,Caribbean Fruit Fly,Anastrepha suspensa,0.05718,0.05718
Paraguay,Guava Fruit Fly,Bactrocera correcta,4.06e-07,0.0
Paraguay,Melon Fruit Fly,Bactrocera cucurbitae,0.037777,0.037777
Paraguay,Mexican Fruit Fly,Anastrepha ludens,0.30434,0.30434
Paraguay,Oriental Fruit Fly,Bactrocera dorsalis,0.021938,0.021938
Paraguay,Peach Fruit Fly,Bactrocera zonata,0.022329,0.022329
Paraguay,Queensland Fruit Fly,Bactrocera tryoni,0.000148,0.000148
Paraguay,Sapote Fruit Fly,Anastrepha serpentina,0.51135,0.51135
Paraguay,Zeugodacus Tau,Bactrocera tau,0.000148,0.000148
Peru,Caribbean Fruit Fly,Anastrepha suspensa,0.10162,0.10162
Peru,Guava Fruit Fly,Bactrocera correcta,1.04e-09,0.0
Peru,Melon Fruit Fly,Bactrocera cucurbitae,0.10149,0.10149
Peru,Mexican Fruit Fly,Anastrepha ludens,0.3554,0.3554
Peru,Oriental Fruit Fly,Bactrocera dorsalis,0.10036,0.10036
Peru,Peach Fruit Fly,Bactrocera zonata,0.10037,0.10037
Peru,Queensland Fruit Fly,Bactrocera tryoni,3.74e-07,0.0
Peru,Zeugodacus Tau,Bactrocera tau,3.74e-07,0.0
Philippines,Caribbean Fruit Fly,Anastrepha suspensa,5.9e-12,0.0
Philippines,Guava Fruit Fly,Bactrocera correcta,0.36728,0.36728
Philippines,Mediterranean Fruit Fly,Ceratitis capitata,0.20434,0.20434
Philippines,Mexican Fruit Fly,Anastrepha ludens,1.29e-11,0.0
Philippines,Oriental Fruit Fly,Bactrocera dorsalis,0.58091,0.58091
Philippines,Peach Fruit Fly,Bactrocera zonata,0.39612,0.39612
Philippines,Queensland Fruit Fly,Bactrocera tryoni,0.096532,0.096532
Philippines,Sapote Fruit Fly,Anastrepha serpentina,9.21e-10,0.0
Philippines,Zeugodacus Tau,Bactrocera tau,0.71783,0.71783
Poland,Caribbean Fruit Fly,Anastrepha suspensa,0.009485,0.009485
Poland,Guava Fruit Fly,Bactrocera correcta,8.04e-11,0.0
Poland,Mediterranean Fruit Fly,Ceratitis capitata,0.001339,0.001339
Poland,Melon Fruit Fly,Bactrocera cucurbitae,0.034766,0.034766
Poland,Mexican Fruit Fly,Anastrepha ludens,0.000345,0.000345
Poland,Oriental Fruit Fly,Bactrocera dorsalis,1.07e-08,0.0
Poland,Peach Fruit Fly,Bactrocera zonata,5.9e-08,0.0
Poland,Queensland Fruit Fly,Bactrocera tryoni,0.034755,0.034755
Poland,Sapote Fruit Fly,Anastrepha serpentina,0.000346,0.000346
Poland,Zeugodacus Tau,Bactrocera tau,0.034755,0.034755
Portugal,Caribbean Fruit Fly,Anastrepha suspensa,2.27e-06,0.0
Portugal,Guava Fruit Fly,Bactrocera correcta,0.000573,0.000573
Portugal,Melon Fruit Fly,Bactrocera cucurbitae,0.008679,0.008679
Portugal,Mexican Fruit Fly,Anastrepha ludens,4.99e-09,0.0
Portugal,Oriental Fruit Fly,Bactrocera dorsalis,0.000585,0.000585
Portugal,Peach Fruit Fly,Bactrocera zonata,0.010612,0.010612
Portugal,Queensland Fruit Fly,Bactrocera tryoni,1.81e-07,0.0
Portugal,Sapote Fruit Fly,Anastrepha serpentina,5.31e-09,0.0
Portugal,Zeugodacus Tau,Bactrocera tau,0.000136,0.000136
Romania,Caribbean Fruit Fly,Anastrepha suspensa,0.002122,0.002122
Romania,Guava Fruit Fly,Bactrocera correcta,1.79e-07,0.0
Romania,Mediterranean Fruit Fly,Ceratitis capitata,0.056451,0.056451
Romania,Melon Fruit Fly,Bactrocera cucurbitae,0.002398,0.002398
Romania,Mexican Fruit Fly,Anastrepha ludens,2e-05,0.0
Romania,Oriental Fruit Fly,Bactrocera dorsalis,1.8e-07,0.0
Romania,Peach Fruit Fly,Bactrocera zonata,6.24e-06,0.0
Romania,Queensland Fruit Fly,Bactrocera tryoni,0.002021,0.002021
Romania,Sapote Fruit Fly,Anastrepha serpentina,2.02e-05,0.0
Romania,Zeugodacus Tau,Bactrocera tau,0.002021,0.002021
Russian Federation,Caribbean Fruit Fly,Anastrepha suspensa,3.16e-05,0.0
Russian Federation,Guava Fruit Fly,Bactrocera correcta,2.79e-05,0.0
Russian Federation,Melon Fruit Fly,Bactrocera cucurbitae,0.001674,0.001674
Russian Federation,Mexican Fruit Fly,Anastrepha ludens,6.91e-08,0.0
Russian Federation,Oriental Fruit Fly,Bactrocera dorsalis,2.82e-05,0.0
Russian Federation,Peach Fruit Fly,Bactrocera zonata,0.00062,0.00062
Russian Federation,Queensland Fruit Fly,Bactrocera tryoni,6.97e-06,0.0
Russian Federation,Sapote Fruit Fly,Anastrepha serpentina,7.03e-08,0.0
Russian Federation,Zeugodacus Tau,Bactrocera tau,1.42e-05,0.0
Rwanda,Caribbean Fruit Fly,Anastrepha suspensa,0.021528,0.021528
Rwanda,Guava Fruit Fly,Bactrocera correcta,4.15e-12,0.0
Rwanda,Mediterranean Fruit Fly,Ceratitis capitata,0.003227,0.003227
Rwanda,Melon Fruit Fly,Bactrocera cucurbitae,0.060059,0.060059
Rwanda,Mexican Fruit Fly,Anastrepha ludens,0.002669,0.002669
Rwanda,Oriental Fruit Fly,Bactrocera dorsalis,2.24e-07,0.0
Rwanda,Peach Fruit Fly,Bactrocera zonata,2.35e-07,0.0
Rwanda,Queensland Fruit Fly,Bactrocera tryoni,0.060055,0.060055
Rwanda,Sapote Fruit Fly,Anastrepha serpentina,0.002692,0.002692
Rwanda,Zeugodacus Tau,Bactrocera tau,0.060055,0.060055
Saudi Arabia,Caribbean Fruit Fly,Anastrepha suspensa,1.03e-09,0.0
Saudi Arabia,Guava Fruit Fly,Bactrocera correcta,0.14597,0.14597
Saudi Arabia,Mexican Fruit Fly,Anastrepha ludens,1.04e-11,0.0
Saudi Arabia,Oriental Fruit Fly,Bactrocera dorsalis,0.17739,0.17739
Saudi Arabia,Queensland Fruit Fly,Bactrocera tryoni,0.001239,0.001239
Saudi Arabia,Zeugodacus Tau,Bactrocera tau,0.062486,0.062486
Singapore,Caribbean Fruit Fly,Anastrepha suspensa,5.9e-12,0.0
Singapore,Guava Fruit Fly,Bactrocera correcta,0.36728,0.36728
Singapore,Mediterranean Fruit Fly,Ceratitis capitata,0.20434,0.20434
Singapore,Mexican Fruit Fly,Anastrepha ludens,1.29e-11,0.0
Singapore,Oriental Fruit Fly,Bactrocera dorsalis,0.58091,0.58091
Singapore,Peach Fruit Fly,Bactrocera zonata,0.39612,0.39612
Singapore,Queensland Fruit Fly,Bactrocera tryoni,0.096532,0.096532
Singapore,Sapote Fruit Fly,Anastrepha serpentina,9.21e-10,0.0
Slovakia,Caribbean Fruit Fly,Anastrepha suspensa,0.002813,0.002813
Slovakia,Guava Fruit Fly,Bactrocera correcta,0.00043,0.00043
Slovakia,Mediterranean Fruit Fly,Ceratitis capitata,0.22314,0.22314
Slovakia,Melon Fruit Fly,Bactrocera cucurbitae,0.04965,0.04965
Slovakia,Mexican Fruit Fly,Anastrepha ludens,0.000119,0.000119
Slovakia,Oriental Fruit Fly,Bactrocera dorsalis,0.000435,0.000435
Slovakia,Peach Fruit Fly,Bactrocera zonata,0.003781,0.003781
Slovakia,Queensland Fruit Fly,Bactrocera tryoni,0.000133,0.000133
Slovakia,Sapote Fruit Fly,Anastrepha serpentina,0.000129,0.000129
Slovakia,Zeugodacus Tau,Bactrocera tau,0.000272,0.000272
Slovenia,Caribbean Fruit Fly,Anastrepha suspensa,1.4e-08,0.0
Slovenia,Guava Fruit Fly,Bactrocera correcta,0.00019,0.00019
Slovenia,Melon Fruit Fly,Bactrocera cucurbitae,0.004983,0.004983
Slovenia,Mexican Fruit Fly,Anastrepha ludens,6.91e-12,0.0
Slovenia,Oriental Fruit Fly,Bactrocera dorsalis,0.000194,0.000194
Slovenia,Peach Fruit Fly,Bactrocera zonata,0.009318,0.009318
Slovenia,Queensland Fruit Fly,Bactrocera tryoni,1.47e-08,0.0
Slovenia,Sapote Fruit Fly,Anastrepha serpentina,7.33e-12,0.0
Slovenia,Zeugodacus Tau,Bactrocera tau,2.96e-05,0.0
South Africa,Caribbean Fruit Fly,Anastrepha suspensa,0.000263,0.000263
South Africa,Guava Fruit Fly,Bactrocera correcta,0.004188,0.004188
South Africa,Melon Fruit Fly,Bactrocera cucurbitae,0.55161,0.55161
South Africa,Mexican Fruit Fly,Anastrepha ludens,0.000894,0.000894
South Africa,Oriental Fruit Fly,Bactrocera dorsalis,0.004999,0.004999
South Africa,Peach Fruit Fly,Bactrocera zonata,0.089039,0.089039
South Africa,Queensland Fruit Fly,Bactrocera tryoni,0.000253,0.000253
South Africa,Sapote Fruit Fly,Anastrepha serpentina,0.005135,0.005135
South Africa,Zeugodacus Tau,Bactrocera tau,0.002954,0.002954
Spain,Caribbean Fruit Fly,Anastrepha suspensa,2.27e-06,0.0
Spain,Guava Fruit Fly,Bactrocera correcta,0.000573,0.000573
Spain,Melon Fruit Fly,Bactrocera cucurbitae,0.008679,0.008679
Spain,Mexican Fruit Fly,Anastrepha ludens,4.99e-09,0.0
Spain,Oriental Fruit Fly,Bactrocera dorsalis,0.000585,0.000585
Spain,Peach Fruit Fly,Bactrocera zonata,0.010612,0.010612
Spain,Queensland Fruit Fly,Bactrocera tryoni,1.81e-07,0.0
Spain,Sapote Fruit Fly,Anastrepha serpentina,5.31e-09,0.0
Spain,Zeugodacus Tau,Bactrocera tau,0.000136,0.000136
Sri Lanka,Caribbean Fruit Fly,Anastrepha suspensa,2.01e-08,0.0
Sri Lanka,Mediterranean Fruit Fly,Ceratitis capitata,0.23586,0.23586
Sri Lanka,Mexican Fruit Fly,Anastrepha ludens,4.93e-09,0.0
Sri Lanka,Queensland Fruit Fly,Bactrocera tryoni,0.023347,0.023347
Sri Lanka,Sapote Fruit Fly,Anastrepha serpentina,9.43e-08,0.0
Sri Lanka,Zeugodacus Tau,Bactrocera tau,0.37165,0.37165
Sudan,Caribbean Fruit Fly,Anastrepha suspensa,7.93e-10,0.0
Sudan,Guava Fruit Fly,Bactrocera correcta,0.019441,0.019441
Sudan,Melon Fruit Fly,Bactrocera cucurbitae,0.12915,0.12915
Sudan,Mexican Fruit Fly,Anastrepha ludens,1.75e-12,0.0
Sudan,Oriental Fruit Fly,Bactrocera dorsalis,0.021373,0.021373
Sudan,Peach Fruit Fly,Bactrocera zonata,0.2293,0.2293
Sudan,Queensland Fruit Fly,Bactrocera tryoni,2.87e-05,0.0
Sudan,Sapote Fruit Fly,Anastrepha serpentina,3.76e-12,0.0
Sudan,Zeugodacus Tau,Bactrocera tau,0.0046628,0.0046628
Suriname,Caribbean Fruit Fly,Anastrepha suspensa,0.093762,0.093762
Suriname,Guava Fruit Fly,Bactrocera correcta,2.7e-09,0.0
Suriname,Melon Fruit Fly,Bactrocera cucurbitae,0.015118,0.015118
Suriname,Mexican Fruit Fly,Anastrepha ludens,0.4281,0.4281
Suriname,Oriental Fruit Fly,Bactrocera dorsalis,0.01315,0.01315
Suriname,Peach Fruit Fly,Bactrocera zonata,0.013159,0.013159
Suriname,Queensland Fruit Fly,Bactrocera tryoni,0.001079,0.001079
Suriname,Zeugodacus Tau,Bactrocera tau,0.001079,0.001079
Sweden,Caribbean Fruit Fly,Anastrepha suspensa,0.009485,0.009485
Sweden,Guava Fruit Fly,Bactrocera correcta,8.04e-11,0.0
Sweden,Mediterranean Fruit Fly,Ceratitis capitata,0.001339,0.001339
Sweden,Melon Fruit Fly,Bactrocera cucurbitae,0.034766,0.034766
Sweden,Mexican Fruit Fly,Anastrepha ludens,0.000345,0.000345
Sweden,Oriental Fruit Fly,Bactrocera dorsalis,1.07e-08,0.0
Sweden,Peach Fruit Fly,Bactrocera zonata,5.9e-08,0.0
Sweden,Queensland Fruit Fly,Bactrocera tryoni,0.034755,0.034755
Sweden,Sapote Fruit Fly,Anastrepha serpentina,0.000346,0.000346
Sweden,Zeugodacus Tau,Bactrocera tau,0.034755,0.034755
Switzerland,Caribbean Fruit Fly,Anastrepha suspensa,1.4e-08,0.0
Switzerland,Guava Fruit Fly,Bactrocera correcta,0.00019,0.00019
Switzerland,Melon Fruit Fly,Bactrocera cucurbitae,0.004983,0.004983
Switzerland,Mexican Fruit Fly,Anastrepha ludens,6.91e-12,0.0
Switzerland,Oriental Fruit Fly,Bactrocera dorsalis,0.000194,0.000194
Switzerland,Peach Fruit Fly,Bactrocera zonata,0.009318,0.009318
Switzerland,Queensland Fruit Fly,Bactrocera tryoni,1.47e-08,0.0
Switzerland,Sapote Fruit Fly,Anastrepha serpentina,7.33e-12,0.0
Switzerland,Zeugodacus Tau,Bactrocera tau,2.96e-05,0.0
Tajikistan,Caribbean Fruit Fly,Anastrepha suspensa,0.002122,0.002122
Tajikistan,Guava Fruit Fly,Bactrocera correcta,1.79e-07,0.0
Tajikistan,Mediterranean Fruit Fly,Ceratitis capitata,0.056451,0.056451
Tajikistan,Melon Fruit Fly,Bactrocera cucurbitae,0.002398,0.002398
Tajikistan,Mexican Fruit Fly,Anastrepha ludens,2e-05,0.0
Tajikistan,Oriental Fruit Fly,Bactrocera dorsalis,1.8e-07,0.0
Tajikistan,Peach Fruit Fly,Bactrocera zonata,6.24e-06,0.0
Tajikistan,Queensland Fruit Fly,Bactrocera tryoni,0.002021,0.002021
Tajikistan,Sapote Fruit Fly,Anastrepha serpentina,2.02e-05,0.0
Tajikistan,Zeugodacus Tau,Bactrocera tau,0.002021,0.002021
Thailand,Caribbean Fruit Fly,Anastrepha suspensa,5.9e-12,0.0
Thailand,Mediterranean Fruit Fly,Ceratitis capitata,0.20434,0.20434
Thailand,Mexican Fruit Fly,Anastrepha ludens,1.29e-11,0.0
Thailand,Queensland Fruit Fly,Bactrocera tryoni,0.096532,0.096532
Thailand,Sapote Fruit Fly,Anastrepha serpentina,9.21e-10,0.0
Togo,Caribbean Fruit Fly,Anastrepha suspensa,0.000282,0.000282
Togo,Guava Fruit Fly,Bactrocera correcta,0.008163,0.008163
Togo,Mexican Fruit Fly,Anastrepha ludens,0.000889,0.000889
Togo,Oriental Fruit Fly,Bactrocera dorsalis,0.008836,0.008836
Togo,Peach Fruit Fly,Bactrocera zonata,0.1112,0.1112
Togo,Queensland Fruit Fly,Bactrocera tryoni,0.000127,0.000127
Togo,Sapote Fruit Fly,Anastrepha serpentina,0.004159,0.004159
Togo,Zeugodacus Tau,Bactrocera tau,0.003733,0.003733
Trinidad and Tobago,Caribbean Fruit Fly,Anastrepha suspensa,0.093762,0.093762
Trinidad and Tobago,Guava Fruit Fly,Bactrocera correcta,2.7e-09,0.0
Trinidad and Tobago,Mediterranean Fruit Fly,Ceratitis capitata,0.66342,0.66342
Trinidad and Tobago,Melon Fruit Fly,Bactrocera cucurbitae,0.015118,0.015118
Trinidad and Tobago,Mexican Fruit Fly,Anastrepha ludens,0.4281,0.4281
Trinidad and Tobago,Oriental Fruit Fly,Bactrocera dorsalis,0.01315,0.01315
Trinidad and Tobago,Peach Fruit Fly,Bactrocera zonata,0.013159,0.013159
Trinidad and Tobago,Queensland Fruit Fly,Bactrocera tryoni,0.001079,0.001079
Trinidad and Tobago,Zeugodacus Tau,Bactrocera tau,0.001079,0.001079
Tunisia,Caribbean Fruit Fly,Anastrepha suspensa,2.54e-10,0.0
Tunisia,Guava Fruit Fly,Bactrocera correcta,0.0011658,0.0011658
Tunisia,Melon Fruit Fly,Bactrocera cucurbitae,0.02164,0.02164
Tunisia,Mexican Fruit Fly,Anastrepha ludens,1.25e-13,0.0
Tunisia,Oriental Fruit Fly,Bactrocera dorsalis,0.0012162,0.0012162
Tunisia,Peach Fruit Fly,Bactrocera zonata,0.041599,0.041599
Tunisia,Queensland Fruit Fly,Bactrocera tryoni,2.78e-07,0.0
Tunisia,Sapote Fruit Fly,Anastrepha serpentina,1.57e-13,0.0
Tunisia,Zeugodacus Tau,Bactrocera tau,0.00016385,0.00016385
Turkey,Caribbean Fruit Fly,Anastrepha suspensa,2.27e-06,0.0
Turkey,Guava Fruit Fly,Bactrocera correcta,0.000573,0.000573
Turkey,Melon Fruit Fly,Bactrocera cucurbitae,0.008679,0.008679
Turkey,Mexican Fruit Fly,Anastrepha ludens,4.99e-09,0.0
Turkey,Oriental Fruit Fly,Bactrocera dorsalis,0.000585,0.000585
Turkey,Peach Fruit Fly,Bactrocera zonata,0.010612,0.010612
Turkey,Queensland Fruit Fly,Bactrocera tryoni,1.81e-07,0.0
Turkey,Sapote Fruit Fly,Anastrepha serpentina,5.31e-09,0.0
Turkey,Zeugodacus Tau,Bactrocera tau,0.000136,0.000136
USA,Guava Fruit Fly,Bactrocera correcta,1.04e-09,0.0
USA,Mexican Fruit Fly,Anastrepha ludens,0.3554,0.3554
USA,Queensland Fruit Fly,Bactrocera tryoni,3.74e-07,0.0
USA,Zeugodacus Tau,Bactrocera tau,3.74e-07,0.0
Ukraine,Caribbean Fruit Fly,Anastrepha suspensa,0.000838,0.000838
Ukraine,Guava Fruit Fly,Bactrocera correcta,1.85e-05,0.0
Ukraine,Mediterranean Fruit Fly,Ceratitis capitata,0.22094,0.22094
Ukraine,Melon Fruit Fly,Bactrocera cucurbitae,0.004254,0.004254
Ukraine,Mexican Fruit Fly,Anastrepha ludens,8.07e-06,0.0
Ukraine,Oriental Fruit Fly,Bactrocera dorsalis,1.86e-05,0.0
Ukraine,Peach Fruit Fly,Bactrocera zonata,0.000229,0.000229
Ukraine,Queensland Fruit Fly,Bactrocera tryoni,0.000181,0.000181
Ukraine,Sapote Fruit Fly,Anastrepha serpentina,8.23e-06,0.0
Ukraine,Zeugodacus Tau,Bactrocera tau,0.000187,0.000187
United Kingdom,Caribbean Fruit Fly,Anastrepha suspensa,0.010828,0.010828
United Kingdom,Guava Fruit Fly,Bactrocera correcta,6.38e-06,0.0
United Kingdom,Mediterranean Fruit Fly,Ceratitis capitata,0.080593,0.080593
United Kingdom,Melon Fruit Fly,Bactrocera cucurbitae,0.009361,0.009361
United Kingdom,Mexican Fruit Fly,Anastrepha ludens,0.000445,0.000445
United Kingdom,Oriental Fruit Fly,Bactrocera dorsalis,6.51e-06,0.0
United Kingdom,Peach Fruit Fly,Bactrocera zonata,0.000203,0.000203
United Kingdom,Queensland Fruit Fly,Bactrocera tryoni,0.002233,0.002233
United Kingdom,Sapote Fruit Fly,Anastrepha serpentina,0.000456,0.000456
United Kingdom,Zeugodacus Tau,Bactrocera tau,0.002235,0.002235
Uruguay,Caribbean Fruit Fly,Anastrepha suspensa,0.045898,0.045898
Uruguay,Guava Fruit Fly,Bactrocera correcta,2.67e-05,0.0
Uruguay,Melon Fruit Fly,Bactrocera cucurbitae,0.1077,0.1077
Uruguay,Mexican Fruit Fly,Anastrepha ludens,0.1161,0.1161
Uruguay,Oriental Fruit Fly,Bactrocera dorsalis,0.003593,0.003593
Uruguay,Peach Fruit Fly,Bactrocera zonata,0.008471,0.008471
Uruguay,Queensland Fruit Fly,Bactrocera tryoni,0.000293,0.000293
Uruguay,Sapote Fruit Fly,Anastrepha serpentina,0.17269,0.17269
Uruguay,Zeugodacus Tau,Bactrocera tau,0.000302,0.000302
Vanuatu,Caribbean Fruit Fly,Anastrepha suspensa,0.021528,0.021528
Vanuatu,Guava Fruit Fly,Bactrocera correcta,4.15e-12,0.0
Vanuatu,Mediterranean Fruit Fly,Ceratitis capitata,0.003227,0.003227
Vanuatu,Melon Fruit Fly,Bactrocera cucurbitae,0.060059,0.060059
Vanuatu,Mexican Fruit Fly,Anastrepha ludens,0.002669,0.002669
Vanuatu,Oriental Fruit Fly,Bactrocera dorsalis,2.24e-07,0.0
Vanuatu,Peach Fruit Fly,Bactrocera zonata,2.35e-07,0.0
Vanuatu,Sapote Fruit Fly,Anastrepha serpentina,0.002692,0.002692
Vanuatu,Zeugodacus Tau,Bactrocera tau,0.060055,0.060055
Venezuela,Caribbean Fruit Fly,Anastrepha suspensa,0.10162,0.10162
Venezuela,Guava Fruit Fly,Bactrocera correcta,1.04e-09,0.0
Venezuela,Melon Fruit Fly,Bactrocera cucurbitae,0.10149,0.10149
Venezuela,Mexican Fruit Fly,Anastrepha ludens,0.3554,0.3554
Venezuela,Oriental Fruit Fly,Bactrocera dorsalis,0.10036,0.10036
Venezuela,Peach Fruit Fly,Bactrocera zonata,0.10037,0.10037
Venezuela,Queensland Fruit Fly,Bactrocera tryoni,3.74e-07,0.0
Venezuela,Zeugodacus Tau,Bactrocera tau,3.74e-07,0.0
Vietnam,Caribbean Fruit Fly,Anastrepha suspensa,4.61e-11,0.0
Vietnam,Guava Fruit Fly,Bactrocera correcta,0.40119,0.40119
Vietnam,Mediterranean Fruit Fly,Ceratitis capitata,0.17951,0.17951
Vietnam,Mexican Fruit Fly,Anastrepha ludens,1.51e-11,0.0
Vietnam,Queensland Fruit Fly,Bactrocera tryoni,0.057312,0.057312
Vietnam,Sapote Fruit Fly,Anastrepha serpentina,9e-10,0.0
Yemen,Caribbean Fruit Fly,Anastrepha suspensa,4.04e-05,0.0
Yemen,Guava Fruit Fly,Bactrocera correcta,0.075788,0.075788
Yemen,Melon Fruit Fly,Bactrocera cucurbitae,0.66209,0.66209
Yemen,Mexican Fruit Fly,Anastrepha ludens,3.95e-05,0.0
Yemen,Oriental Fruit Fly,Bactrocera dorsalis,0.083184,0.083184
Yemen,Queensland Fruit Fly,Bactrocera tryoni,0.001149,0.001149
Yemen,Sapote Fruit Fly,Anastrepha serpentina,0.000214,0.000214
Yemen,Zeugodacus Tau,Bactrocera tau,0.036211,0.036211
Yugoslavia(former),Caribbean Fruit Fly,Anastrepha suspensa,0.002813,0.002813
Yugoslavia(former),Guava Fruit Fly,Bactrocera correcta,0.00043,0.00043
Yugoslavia(former),Mediterranean Fruit Fly,Ceratitis capitata,0.22314,0.22314
Yugoslavia(former),Melon Fruit Fly,Bactrocera cucurbitae,0.04965,0.04965
Yugoslavia(former),Mexican Fruit Fly,Anastrepha ludens,0.000119,0.000119
Yugoslavia(former),Oriental Fruit Fly,Bactrocera dorsalis,0.000435,0.000435
Yugoslavia(former),Peach Fruit Fly,Bactrocera zonata,0.003781,0.003781
Yugoslavia(former),Queensland Fruit Fly,Bactrocera tryoni,0.000133,0.000133
Yugoslavia(former),Sapote Fruit Fly,Anastrepha serpentina,0.000129,0.000129
Yugoslavia(former),Zeugodacus Tau,Bactrocera tau,0.000272,0.000272
